date,O,H,L,C,IBH,IBL,vol,u_var,d_var,first,last,PnL
2017-07-05,5576.75,5660.75,5576.0,5649.0,5609.0,5576.0,0.011307863969434145,1069.2062500000002,3391.956250000001,74883,75198,-11.262097438064302
2017-07-28,5872.75,5918.25,5860.75,5909.75,5878.5,5860.75,0.006623221877661809,203.9562500000004,3212.7062500000006,97675,97990,4.589710903641844
2017-08-07,5902.75,5929.0,5899.75,5924.75,5910.75,5899.75,0.004691400558312684,56.5312500000004,701.0187500000006,105694,106009,-2.604866174637209
2017-08-08,5927.0,5972.75,5912.0,5955.25,5928.5,5924.5,0.004741672814201795,252.1687500000004,717.3312500000006,107003,107318,-7.1298816344751685
2017-08-11,5775.75,5839.25,5765.75,5835.75,5783.0,5765.75,0.0055777759859119095,483.5750000000004,1037.4875000000006,111090,111405,4.5980613911110595
2017-08-14,5870.5,5911.5,5864.75,5907.25,5875.25,5864.75,0.006209462794669042,468.4562500000004,1005.7937500000006,112449,112764,-15.159795142883922
2017-08-22,5816.0,5875.5,5813.5,5865.0,5826.5,5813.5,0.007565716126669405,461.5187500000004,923.8250000000003,120555,120870,-6.3845710473979125
2017-09-11,5956.75,5991.75,5953.25,5982.0,5957.75,5953.25,0.007246772457075326,154.62500000000048,1109.2687500000002,139221,139536,13.335276751379752
2017-09-27,5918.75,5947.0,5915.5,5941.5,5920.75,5917.25,0.006673859396553192,117.2937500000005,957.4187500000004,141066,141150,9.991388465525688
2017-09-29,5956.75,5994.25,5945.0,5989.5,5956.75,5956.75,0.006772233718632593,198.0312500000005,953.1562500000005,141379,141478,-4.328904978254286
2017-10-04,6000.5,6025.25,5992.25,6005.25,6000.5,5997.75,0.005880691535941066,85.48125000000051,138.17500000000086,141793,141880,12.22110650814875
2017-10-05,6023.75,6063.75,6023.5,6063.75,6041.0,6023.5,0.006254198449294609,120.64375000000052,178.67500000000098,141933,142008,1.0411846295355645
2017-10-24,6086.5,6103.75,6070.5,6100.0,6087.25,6084.5,0.004433344915223333,41.668750000000486,87.30000000000081,143613,143680,-1.5982539002006888
2017-10-25,6080.0,6100.0,6024.0,6060.75,6080.75,6079.0,0.003843446267570014,67.0500000000005,287.5437500000004,143750,143901,-3.5120383835610482
2017-11-01,6289.0,6290.25,6237.0,6257.0,6290.25,6285.0,0.006999462591664203,1956.5125000000003,446.80000000000075,144987,145112,1.5734257401936702
2017-11-02,6255.5,6260.0,6206.0,6243.75,6260.0,6252.0,0.0070591581358718765,1908.9812500000003,595.8750000000006,145220,145411,22.404979941249167
2017-11-08,6331.75,6357.75,6323.75,6356.25,6331.75,6329.25,0.007112490610953512,104.37500000000016,321.41875000000067,146299,146426,1.1325886139647992
2017-11-13,6303.75,6336.0,6298.0,6334.5,6303.75,6298.0,0.007349730431464514,77.54375000000013,281.76875000000086,147083,147178,-6.01196182997046
2017-11-30,6344.5,6394.75,6343.5,6376.0,6361.75,6343.75,0.006879488930573659,367.9187500000002,3119.1124999999997,150799,151069,4.353384426036428
2017-12-05,6289.0,6358.0,6257.0,6289.25,6292.5,6271.0,0.006798932426993593,783.10625,2995.937499999999,153068,153378,-12.364342128489625
2017-12-06,6269.75,6324.0,6257.25,6318.0,6276.5,6261.25,0.0067730999959677825,561.2937499999999,2162.6124999999997,154267,154572,7.181598387009217
2017-12-14,6423.25,6443.75,6404.0,6417.5,6431.5,6421.0,0.006147421281966237,292.6374999999999,103.03125000000065,162192,162507,5.508135960718391
2017-12-28,6469.25,6470.75,6442.25,6444.5,6470.75,6464.25,0.005109054451164813,115.43750000000011,39.53125000000058,174226,174541,4.170599884875173
2018-01-04,6615.0,6616.75,6586.5,6598.25,6616.75,6607.75,0.005480056955941287,1595.29375,313.70000000000056,179585,179900,2.387659808393437
2018-01-09,6701.25,6707.25,6667.25,6698.25,6705.75,6699.5,0.00559878768909969,673.9562500000002,227.8562500000007,183641,183956,10.369417044803413
2018-01-11,6690.25,6713.0,6672.25,6703.25,6692.0,6683.5,0.005849881958840699,117.26875000000032,156.60625000000064,186357,186672,7.334910120067434
2018-01-12,6739.25,6771.5,6703.25,6763.25,6739.25,6704.0,0.006037782766232103,141.15625000000026,210.36250000000055,187714,188029,-5.926187956814829
2018-01-16,6815.0,6845.75,6729.25,6745.0,6815.5,6805.75,0.0059521029360545,104.37500000000028,975.5125000000003,190206,190521,58.271688677816655
2018-01-17,6782.25,6826.5,6751.5,6823.75,6795.5,6780.0,0.0061353992812334945,191.67500000000013,961.1437500000003,191571,191886,-0.8381134507935712
2018-01-22,6849.0,6904.0,6834.25,6894.0,6850.0,6836.25,0.00581328043290037,150.5624999999998,921.7375000000004,195659,195974,-17.931214632841147
2018-01-26,6965.0,7004.5,6949.25,6999.75,6970.0,6957.0,0.006197431045976249,297.6999999999999,1452.9187500000003,201106,201421,5.544084199962526
2018-02-08,6611.5,6618.5,6387.5,6421.0,6618.5,6592.5,0.011555946443687898,7911.918749999999,6219.668749999999,213387,213702,-74.52221443369672
2018-02-20,6743.25,6843.75,6739.75,6790.25,6753.25,6739.75,0.014315878250726896,1416.593750000001,2429.968750000002,224062,224377,10.945581680775831
2018-03-02,6677.25,6787.75,6646.0,6764.0,6698.25,6664.5,0.015635582264269032,1183.6062500000007,3840.7312500000025,234980,235295,12.390337500819896
2018-03-05,6801.5,6897.25,6753.25,6896.0,6808.25,6773.75,0.015126552355677248,1543.7312500000003,2888.643750000002,236344,236659,19.56842647139547
2018-03-13,7217.0,7240.0,7115.25,7121.0,7217.0,7217.0,0.01150085742456349,1902.5437500000007,1536.9500000000048,243588,243611,-26.337794832941654
2018-03-14,7137.25,7140.0,7080.75,7099.75,7140.0,7137.25,0.011255505488315703,2303.018750000001,1574.0750000000044,243626,243645,6.792727793229915
2018-03-15,7100.0,7131.5,7070.0,7082.5,7106.75,7100.0,0.010799366292629703,2137.856250000001,1571.2375000000043,243662,243685,10.457862817826935
2018-03-21,6924.0,6984.0,6877.75,6896.0,6930.0,6919.0,0.012633764914019558,580.3250000000025,2045.8937500000031,244023,244086,6.38986248508445
2018-04-04,6390.0,6531.0,6365.75,6487.25,6397.0,6365.75,0.015559709416925487,3046.8250000000007,4031.64375,246301,246441,8.941422523041183
2018-04-06,6560.5,6625.0,6497.0,6497.0,6577.75,6549.0,0.01649191508893184,2730.4250000000006,3447.2062500000006,246813,246926,49.55584550873891
2018-04-26,6624.0,6685.75,6606.0,6685.0,6629.0,6623.5,0.015684898975348506,954.5437500000016,6362.387500000001,250210,250335,2.5708927445029985
2018-05-16,6920.5,6975.0,6913.5,6969.0,6920.5,6915.5,0.011747804206139054,696.1750000000022,1230.7625000000007,252669,252767,7.617116603080831
2018-05-17,6940.5,6985.5,6916.25,6916.25,6940.5,6933.25,0.011884108625958246,602.1250000000023,1245.6687500000007,252842,252915,31.308807399881516
2018-05-24,6980.5,6987.25,6910.5,6979.25,6984.0,6968.0,0.009229587067190778,787.1562500000025,551.8312500000006,253885,254013,37.008111196469144
2018-05-31,7017.0,7049.5,6983.5,7000.25,7020.5,7015.0,0.008704314243936586,135.08125000000263,90.85625000000068,255151,255305,20.421592062055424
2018-06-06,7214.0,7215.5,7166.25,7196.5,7214.0,7208.75,0.008143927944400418,954.4500000000023,243.2062500000007,257081,257383,14.58679303929057
2018-06-08,7126.75,7177.75,7123.75,7169.25,7140.25,7123.75,0.007947343604398189,515.8875000000027,1477.6687500000007,259467,259782,-1.50025655414629
2018-06-11,7176.25,7214.75,7161.75,7205.5,7178.5,7161.75,0.007889596778936732,503.1750000000027,1434.5312500000007,260820,261135,4.259961385344468
2018-06-12,7187.75,7242.5,7187.0,7241.0,7195.75,7187.0,0.007884231658620285,704.9812500000024,1705.7312500000007,262181,262496,-3.2443418944421865
2018-06-13,7245.75,7290.0,7238.75,7274.75,7247.25,7241.25,0.006466197999399901,478.4062500000021,1736.2937500000007,263541,263856,-9.521755663419754
2018-06-15,7288.75,7308.75,7245.0,7272.25,7308.75,7284.75,0.005864287137256623,686.9562500000018,325.6687500000008,266267,266582,5.632762052553971
2018-07-06,7110.75,7223.25,7104.75,7218.25,7117.25,7104.75,0.010505642619725352,1992.325000000002,2655.231250000001,286280,286595,-24.02797383702091
2018-07-23,7333.25,7382.0,7311.5,7376.25,7349.5,7332.5,0.007116137934526379,1532.9500000000028,21.593750000002544,301253,301568,3.2032072564270493
2018-07-24,7437.5,7489.75,7386.75,7405.5,7463.25,7437.0,0.00675848481303761,259.45000000000306,181.42500000000214,302618,302933,-10.303058247178342
2018-07-31,7219.75,7284.25,7189.25,7262.5,7229.5,7218.25,0.007753263823373825,459.2375000000029,5380.950000000001,309435,309750,8.174173412854088
2018-08-02,7224.75,7382.5,7214.25,7378.0,7228.5,7214.25,0.008203403441502558,3112.0437500000025,5550.750000000001,312161,312476,-36.98336485201162
2018-08-03,7407.25,7415.0,7362.25,7395.5,7415.0,7390.0,0.007534975421210185,3374.0750000000025,1893.4875000000027,313526,313841,5.0233761127251455
2018-08-14,7450.0,7464.75,7397.0,7459.5,7450.25,7440.75,0.007557849133254195,673.6750000000029,428.2062500000035,323047,323362,23.31438529611023
2018-08-21,7402.0,7452.25,7398.25,7436.75,7407.5,7400.75,0.008754589822545282,397.4062500000033,1010.0750000000021,329857,330172,9.689013199274996
2018-09-04,7644.25,7650.0,7586.75,7620.5,7644.25,7628.5,0.007053294349046108,658.4687500000027,469.7375000000037,343257,343572,-23.38972889714023
2018-09-07,7445.5,7494.75,7393.0,7439.0,7447.75,7437.75,0.00760089064276824,307.8250000000027,2079.731250000001,347344,347659,34.656647379394144
2018-09-14,7621.25,7623.5,7544.25,7574.25,7623.5,7614.25,0.007187057867053279,1786.1125000000025,1395.5437500000025,354068,354383,-3.629376482555017
2018-10-09,7351.0,7455.75,7337.0,7392.75,7358.5,7337.0,0.009574570201338993,1486.918750000003,5700.98125,377237,377552,43.43613619782718
2018-10-11,6979.25,7138.0,6954.0,7064.25,7011.25,6954.0,0.010946780374860226,4452.250000000003,6468.08125,379967,380282,-34.51488313156642
2018-10-17,7324.5,7335.0,7221.5,7294.75,7328.75,7310.25,0.011900041382907178,4730.581250000003,2293.768750000004,385427,385742,60.42795977110791
2018-10-31,6917.0,7039.25,6909.5,7021.75,6934.25,6909.5,0.016631782374399277,4905.262500000002,8859.362500000003,399136,399451,16.00681043961731
2018-11-06,6922.75,7034.75,6922.5,6955.5,6942.0,6922.5,0.015625527375107865,2724.4687500000023,4554.2312500000035,404596,404911,64.81414282649712
2018-11-07,7086.0,7192.75,7056.5,7176.75,7089.25,7056.5,0.0167224360056305,2348.206250000002,4010.8312500000034,405961,406276,3.657342388827601
2018-12-03,7098.75,7107.75,7015.25,7045.0,7102.0,7083.0,0.017025029270566077,2438.918750000001,674.3000000000048,430093,430408,10.849943049156991
2018-12-06,6695.0,6804.25,6633.5,6778.25,6696.25,6653.5,0.016471324776798305,1889.2375000000013,5862.981250000003,433753,434068,16.556131699235266
2018-12-19,6521.5,6610.0,6373.75,6397.5,6523.25,6505.5,0.015465509022739988,552.7312500000011,1114.1125000000006,446034,446349,7.063443791395002
2019-02-06,7018.5,7038.75,6972.25,6999.5,7029.25,7016.75,0.011554829418518379,688.7812499999998,341.95000000001284,490644,490959,2.930269609327752
2019-03-22,7496.0,7513.25,7371.75,7413.25,7506.5,7488.25,0.009231553436367375,3139.04375,2291.5625000000105,533889,534204,11.977569434242014
2019-03-27,7377.0,7404.75,7276.0,7328.5,7390.0,7374.25,0.009569908113151532,3288.8875,2160.450000000007,537983,538298,6.126277751758607
2019-04-18,7685.75,7723.0,7665.0,7706.0,7697.75,7683.0,0.006392457512947406,137.48124999999993,276.45000000001187,559746,560061,9.169028136096586
2019-04-22,7688.75,7726.5,7669.75,7724.25,7690.25,7671.75,0.005145363186612142,159.98124999999993,275.26875000001235,561111,561426,2.5368534181193354
2019-04-24,7837.25,7847.0,7807.0,7817.25,7847.0,7834.0,0.004804848913877891,1210.675,125.73750000001321,563839,564154,4.766018885792619
2019-04-25,7866.5,7879.5,7792.0,7843.75,7879.5,7864.5,0.004481023950489176,1367.425,752.4562500000118,565204,565519,-12.737886248949508
2019-04-26,7806.25,7840.5,7755.5,7807.75,7817.5,7795.5,0.004798625916064946,1373.2,806.4562500000109,566569,566884,4.769097590584806
2019-05-03,7775.0,7863.75,7763.5,7856.75,7788.0,7774.25,0.006799298312655286,1074.7687499999997,1406.8000000000104,573390,573705,4.905259071333603
2019-05-08,7621.25,7692.0,7600.0,7665.25,7634.0,7612.25,0.008640195108274134,1312.706249999999,3249.8625000000075,577485,577800,10.056412070045099
2019-05-14,7394.75,7459.5,7345.75,7453.5,7394.75,7376.5,0.011278162427384553,728.9812499999995,3179.456250000003,582945,583260,1.889699658570862
2019-05-16,7558.0,7641.0,7511.75,7598.25,7559.25,7530.0,0.011659136547392557,2067.1687499999994,2742.325000000003,585674,585989,32.48609794605136
2019-06-04,7020.0,7158.25,7017.25,7155.0,7049.0,7017.25,0.013699854165369167,2309.5812500000006,3031.268750000008,603188,603503,-45.4703100401357
2019-06-11,7559.75,7600.75,7492.75,7524.5,7574.75,7557.75,0.013810335831287634,3908.6437499999997,891.1750000000083,610013,610328,-7.325273393608768
2019-06-17,7492.5,7550.75,7487.5,7541.5,7504.25,7490.75,0.012717011611726182,178.03125000000253,642.9687500000107,615466,615781,4.692413216241221
2019-07-03,7862.5,7892.75,7835.0,7887.5,7862.5,7853.25,0.009348508646297953,47.51875000000376,510.01250000001085,631836,632120,4.217148908197487
2019-07-11,7947.75,7957.75,7903.0,7911.5,7956.0,7941.75,0.008058258483314339,2713.731250000002,873.6687500000096,639580,639895,-8.81514307524958
2019-07-16,7992.25,7998.75,7924.0,7937.0,7998.75,7987.75,0.006985974190976034,2299.606250000003,718.4562500000105,643670,643985,-21.762405618013872
2019-07-18,7874.5,7905.25,7845.25,7874.0,7879.5,7870.5,0.0069286714127174765,102.73125000000542,509.0750000000102,646397,646712,6.61627722605499
2019-07-22,7875.5,7919.75,7863.0,7917.25,7888.5,7863.0,0.00697532206962171,259.7062500000042,450.26250000000925,649127,649442,6.825845787143862
2019-07-24,7951.25,7995.0,7938.75,7990.0,7958.0,7947.25,0.006209868676805311,207.62500000000304,322.4187500000104,651857,652172,5.45075686664768
2019-07-30,7953.0,7977.75,7928.25,7975.25,7954.0,7937.5,0.0064348830624195025,161.8562500000042,950.0125000000086,657315,657630,5.739428928803136
2019-08-02,7762.25,7804.0,7650.25,7661.5,7765.5,7749.75,0.008849980600063772,2757.7062500000015,1250.643750000006,661410,661725,-42.97547505521925
2019-08-08,7584.25,7707.0,7570.5,7700.75,7596.0,7570.5,0.012612076120013672,2075.09375,4011.081250000003,666870,667185,-36.44851925302737
2019-08-14,7675.25,7677.25,7488.75,7531.5,7677.25,7609.75,0.014702804085449288,8900.799999999992,5410.2187500000055,672330,672645,34.38256822638459
2019-09-05,7811.75,7886.75,7801.25,7851.5,7818.75,7801.25,0.014591456070309245,872.9187499999987,1982.6687500000062,693941,694256,0.5026382852684037
2019-09-25,7709.25,7784.5,7663.0,7780.75,7729.75,7702.0,0.010130885386090449,1148.1437499999977,5244.343750000002,713046,713361,6.395061097580765
2019-09-30,7733.0,7781.5,7707.5,7774.75,7737.5,7721.0,0.00948260242290405,1034.8562499999996,3841.7937499999985,717141,717456,-10.668215450137723
2019-10-01,7793.25,7841.5,7691.0,7697.5,7797.25,7788.0,0.009768309454385608,974.2187499999982,1791.6687500000014,718506,718821,78.1604180285226
2019-10-03,7570.25,7654.5,7474.25,7647.5,7571.25,7543.0,0.009821331949626602,1044.2062499999975,1736.5812499999988,721236,721551,-9.431517423305195
2019-10-04,7633.5,7749.25,7629.0,7735.5,7646.25,7629.0,0.0101918709957969,1595.1874999999936,2800.531250000003,722601,722916,-13.299287540624391
2019-10-30,8064.75,8082.25,8020.5,8079.25,8075.25,8063.5,0.008860194451923839,1269.612499999996,364.437500000011,747221,747536,24.79729197498
2019-10-31,8099.25,8117.5,8046.0,8068.25,8116.75,8097.0,0.008554108803857707,1400.3562499999964,499.8000000000102,748585,748900,8.766192211682664
2019-11-08,8214.0,8247.25,8190.0,8234.5,8219.25,8208.25,0.006684332354782956,222.95000000000022,334.48750000001013,756770,757085,5.93521391118702
2019-11-11,8219.5,8252.0,8206.5,8247.75,8227.75,8218.75,0.006484509354058459,254.29999999999973,346.2687500000102,758135,758450,2.5914958960602235
2019-11-12,8258.25,8300.25,8243.0,8252.5,8259.5,8250.5,0.006024778956397996,209.28124999999847,358.4187500000111,759500,759815,18.820004003487156
2019-11-13,8244.25,8281.5,8236.75,8264.5,8252.0,8240.75,0.005736862312661978,14.281249999997371,47.53125000001283,760865,761180,5.938602418093069
2019-11-18,8313.25,8345.75,8279.25,8340.25,8318.5,8307.75,0.005259599028812283,98.96874999999837,137.40625000001234,764959,765274,-4.979259563509913
2019-11-20,8316.25,8348.0,8231.0,8275.75,8324.25,8306.0,0.005566229987742271,140.35624999999987,798.0187500000084,767688,768003,37.10304865720809
2019-11-25,8308.25,8371.75,8307.5,8364.75,8315.75,8307.5,0.005160970596048195,691.2062499999998,935.5812500000071,771781,772096,-5.465639204716354
2019-12-19,8615.5,8664.5,8609.0,8661.5,8620.5,8609.0,0.006518999604625246,240.98124999999817,516.7625000000127,795906,796221,-16.950224544239973
2019-12-24,8731.75,8734.75,8707.0,8729.5,8733.5,8727.75,0.006182288970712656,392.1374999999997,83.4562500000136,799995,800219,9.710556500344865
2020-01-02,8822.5,8864.0,8802.25,8862.5,8831.0,8815.25,0.005434935841344441,371.9249999999999,1234.3562500000082,806588,806903,-6.384495153180978
2020-01-03,8804.75,8861.75,8768.75,8840.75,8805.75,8768.75,0.005372419871368483,524.0124999999996,883.0937500000075,807953,808268,7.248999135508711
2020-01-07,8872.5,8888.0,8834.5,8871.0,8872.5,8852.25,0.004895838197968875,1049.1999999999962,69.78125000001019,810683,810998,2.9875178820020665
2020-01-09,8992.5,9022.25,8952.5,8998.25,9005.0,8991.5,0.004832114090295423,1013.356249999995,51.7937500000097,813413,813728,1.8747246270168034
2020-01-10,9043.25,9053.25,8987.75,9001.5,9053.25,9026.5,0.004882372381244032,1371.7312499999966,150.26875000000922,814778,815093,2.6376065973927325
2020-01-14,9079.5,9095.0,9035.0,9060.5,9090.75,9067.25,0.00505472687950325,648.0812499999981,187.54375000000908,817508,817823,4.2725531809046515
2020-01-17,9168.75,9186.0,9130.0,9159.25,9186.0,9167.25,0.004943060701697893,246.23749999999936,164.01875000001053,821603,821918,5.5759923779078235
2020-01-28,9031.5,9117.5,9001.0,9111.25,9038.5,9021.0,0.007530939484750573,876.7499999999981,3534.3937500000056,830925,831240,-24.90254190737869
2020-02-03,9069.25,9155.75,9035.75,9125.75,9069.5,9037.25,0.007677578206489437,1316.456249999995,4573.343750000004,836385,836700,-10.61096014919167
2020-02-04,9257.5,9353.75,9227.0,9348.5,9264.5,9243.25,0.00918394325590225,1500.9562499999947,4573.343750000004,837750,838065,-23.979217726724528
2020-02-10,9415.25,9493.75,9378.75,9492.25,9417.5,9379.0,0.009111902746595462,1397.8312499999959,1852.1687500000041,843210,843525,-0.9637588972491358
2020-02-26,8892.25,9037.5,8816.75,8863.25,8930.0,8874.0,0.013386856881183951,3301.2062499999965,8401.643749999988,859364,859679,26.15023057140752
2020-02-28,8315.75,8497.5,8126.25,8324.75,8334.25,8129.0,0.016222398393994825,5229.906249999989,8404.949999999988,862094,862409,-54.72063628476462
2020-03-02,8421.5,8736.25,8405.25,8611.5,8572.25,8405.25,0.0180326649580243,11359.543749999979,14571.824999999992,863459,863774,110.00518086434204
2020-03-05,8694.5,8867.75,8652.5,8683.5,8722.75,8672.0,0.018193355689749655,5835.549999999973,19140.206249999996,867554,867869,98.58717597631676
2020-03-12,7601.5,7813.0,7325.5,7385.25,7601.5,7601.5,0.02627762458673897,3953.918749999979,10094.143749999983,874087,874389,210.3540502267133
2020-04-17,8913.75,8917.0,8714.5,8736.75,8917.0,8886.25,0.03120587150206623,10974.64374999998,5724.66874999997,906505,906820,-50.97838725449037
2020-04-23,8641.75,8786.5,8612.25,8640.5,8659.75,8626.25,0.025729635990926206,4248.981249999981,14945.09374999997,911965,912280,79.18453797386974
2020-04-29,8784.5,8969.75,8773.25,8959.75,8823.75,8773.25,0.026168459892872788,6227.449999999982,9220.04374999997,917425,917740,-34.200116547832295
2020-05-04,8644.75,8782.75,8643.75,8746.0,8678.5,8643.75,0.02420673985231391,5846.956249999979,10872.64374999997,921520,921835,46.05818464792992
2020-05-12,9321.75,9345.5,9236.75,9292.25,9322.0,9307.25,0.016565885715668048,2267.981249999984,456.0624999999702,929710,930025,14.612637704653935
2020-05-15,9013.5,9104.75,8925.5,9079.75,9015.0,8931.75,0.018878710475396375,1820.8312499999831,6201.049999999972,933805,934120,26.686513652317444
2020-05-20,9390.75,9497.0,9385.75,9457.0,9411.0,9385.75,0.016197323928705952,1049.668749999981,2399.7312499999666,937900,938215,15.165930541027592
2020-05-28,9399.0,9565.5,9320.5,9541.25,9410.0,9338.75,0.016566001149906962,4586.331249999985,13495.156249999969,945864,946179,7.933615053928406
2020-06-04,9666.0,9742.5,9623.0,9663.75,9684.75,9657.75,0.014752754965583348,814.0437499999854,1793.3937499999654,952689,953004,12.442707912214246
2020-06-12,9772.5,9849.25,9500.0,9502.25,9781.25,9719.0,0.015044476789741287,3126.093749999981,16677.168749999968,960879,961194,153.83409797937838
2020-06-15,9507.5,9711.5,9483.5,9703.5,9541.0,9499.5,0.01440851461086146,4804.531249999977,18190.843749999967,962244,962559,6.937908763051382
2020-06-19,10064.25,10112.5,9936.5,9952.75,10090.75,10063.5,0.015216245143605119,5068.018749999981,1979.1062499999662,967704,968019,37.92574856394276
2020-06-22,9989.5,10104.75,9975.75,10095.5,10022.25,9989.25,0.015222520263101029,1369.3624999999831,2275.843749999966,969069,969384,-10.60713360842783
2020-06-23,10198.25,10296.25,10158.75,10283.75,10202.5,10186.0,0.015427743925408275,1353.7624999999832,1899.768749999965,970434,970749,-10.547686548823549
2020-06-30,9973.0,10103.0,9940.25,10069.0,9993.0,9958.0,0.016000458999277302,2294.6374999999834,7932.374999999967,977259,977574,14.838359401648631
2020-07-01,10099.5,10267.5,10076.0,10259.0,10117.0,10076.0,0.0163865085271716,4377.893749999981,8209.799999999963,978624,978939,-39.49970046571252
2020-07-13,10929.0,11058.5,10927.0,10946.0,10951.75,10927.0,0.013686353252870943,2022.6124999999793,4083.793749999957,988314,988629,51.05941100438031
2020-07-20,10650.25,10863.5,10605.75,10845.75,10666.0,10643.0,0.015819265771434388,5371.06249999998,8688.893749999967,995139,995454,-25.19590857800722
2020-08-04,11005.5,11082.0,10983.0,11057.25,11010.0,10989.5,0.014204970659399668,2435.143749999982,7328.7937499999625,1010153,1010468,35.03765015609406
2020-08-06,11077.5,11198.0,11051.25,11194.5,11085.25,11051.25,0.014196219779036743,1910.918749999984,6978.781249999964,1012882,1013197,16.027365783975256
2020-09-01,12215.0,12284.25,12125.0,12269.75,12227.5,12202.75,0.007505095281455261,2259.018749999978,1714.0749999999643,1037448,1037763,94.65203036192543
2020-09-04,11660.0,11843.0,11142.0,11477.75,11677.5,11613.5,0.015380542516951014,4926.79374999998,54765.59374999999,1041543,1041858,206.34498000752592
2020-09-09,11234.75,11478.75,11188.25,11385.75,11259.5,11190.0,0.016122953914656468,7972.862499999976,65447.70624999999,1045413,1045728,36.31036804973701
2020-09-24,10795.5,11011.75,10660.25,10962.25,10810.25,10717.5,0.020143361610336367,8393.10624999998,16142.856249999968,1060427,1060742,33.8818814393926
2020-10-13,12207.25,12216.5,12028.0,12040.25,12216.5,12186.0,0.01634904331960652,9713.656249999976,5290.324999999934,1078172,1078487,-67.16486178403648
2020-10-21,11633.25,11779.25,11617.0,11686.75,11665.0,11617.0,0.013445840573529542,1909.17499999998,5428.8249999999425,1086362,1086677,55.08693063919054
2020-10-26,11562.0,11695.5,11343.25,11445.75,11579.75,11554.5,0.013105336245718616,2759.76249999998,5501.137499999952,1090517,1090832,138.1155702250353
2020-11-11,11759.5,11899.0,11703.0,11843.75,11761.5,11712.75,0.02057355909331135,1801.987499999977,2437.4249999999515,1106894,1107209,19.540740420923612
2020-12-01,12379.75,12512.25,12334.25,12467.75,12387.25,12361.25,0.01493766249996582,2323.6249999999823,5553.312499999944,1125569,1125884,-27.167228747493937
2020-12-02,12405.25,12471.75,12312.5,12459.25,12405.25,12370.75,0.01180105633004414,2320.9249999999824,4728.312499999946,1126934,1127249,29.66268597788894
2020-12-08,12557.0,12652.5,12502.0,12641.25,12579.0,12554.75,0.006170174452440843,493.749999999982,1018.1437499999399,1132394,1132709,-9.449412562520592
2020-12-10,12315.75,12449.0,12218.25,12363.25,12317.25,12238.25,0.007497242545754617,2210.456249999981,12721.37499999995,1135124,1135439,-21.719554274248367
2020-12-14,12419.25,12545.0,12405.0,12512.75,12431.75,12405.0,0.007825686529668953,2597.53124999998,11580.112499999952,1137854,1138169,-48.92272860692174
2020-12-18,12765.25,12789.75,12651.5,12663.25,12789.75,12763.0,0.008012438107364243,1732.0812499999831,1439.9499999999439,1143314,1143629,-51.039278372385525
2020-12-21,12564.25,12703.0,12461.0,12681.75,12593.75,12564.0,0.0078020525251629785,2205.606249999983,1063.924999999947,1144679,1144994,118.26976463524534
2020-12-22,12746.0,12754.25,12593.5,12697.5,12751.25,12717.25,0.007456676389404585,2711.6062499999834,2230.5499999999493,1146044,1146359,-39.894780775479376
2021-01-05,12636.5,12802.0,12612.0,12773.75,12656.0,12612.0,0.00797095822530781,4579.049999999985,26742.66874999996,1156754,1157069,-58.74317184565189
2021-01-06,12630.5,12796.0,12551.25,12683.0,12632.5,12556.75,0.008107715448346044,7195.049999999981,26780.581249999963,1158119,1158434,-71.95611959368762
2021-01-07,12722.75,12922.25,12704.5,12917.75,12737.5,12704.5,0.009011279987324117,8617.949999999977,29013.018749999963,1159484,1159799,-53.834995483290186
2021-01-12,12910.75,12948.0,12767.25,12876.75,12921.25,12865.5,0.007936708658682096,6254.299999999977,2114.2687499999533,1163579,1163894,9.830701306503215
2021-02-23,13002.25,13128.75,12757.25,13128.75,13023.25,12969.75,0.014450847362336969,2332.043749999983,2987.8312499999633,1204076,1204391,16.07294197543888
2021-02-25,13167.0,13290.0,12800.25,12907.75,13223.25,13155.25,0.01374539949267159,2745.7062499999806,9316.418749999979,1206806,1207121,186.03118111243202
2021-02-26,12873.5,13089.5,12752.0,12991.5,12980.75,12865.75,0.011841750716826263,4895.918749999976,11738.393749999977,1208171,1208486,13.358409793395367
2021-03-01,13056.75,13281.0,13034.75,13271.75,13105.25,13034.75,0.01136891712049717,5885.393749999972,18136.793749999975,1209536,1209851,-52.14869485332201
2021-03-04,12678.0,12797.0,12306.5,12511.75,12707.5,12636.5,0.013075783591918183,10373.768749999977,27963.54999999998,1213631,1213946,14.750494227378113
2021-03-08,12573.25,12715.75,12394.0,12420.5,12642.75,12549.25,0.013754134798795224,5386.92499999998,12197.293749999993,1216361,1216676,163.93210173817533
2021-03-09,12571.5,12858.5,12551.0,12835.5,12617.25,12551.0,0.016018055603179548,10677.749999999975,25239.793749999986,1217726,1218041,-72.53563885976837
2021-03-11,12981.25,13119.25,12912.5,13061.5,12987.0,12933.5,0.01676976925191804,4425.574999999968,13937.406249999953,1220456,1220771,0.450167221510128
2021-04-09,13749.5,13789.75,13648.25,13781.75,13749.5,13707.25,0.012386390193748754,6300.637499999975,1403.6687499999364,1248604,1248919,7.070838793524672
2021-04-15,13888.75,14022.5,13885.0,14013.5,13930.75,13885.0,0.010234334747867198,4301.924999999976,6257.981249999944,1254064,1254379,11.341137812827583
2021-04-20,13840.75,13929.75,13719.25,13795.25,13874.0,13837.25,0.009828244635488589,2458.2999999999756,5832.299999999953,1258159,1258474,89.34700018891908
2021-04-21,13766.0,13876.5,13700.5,13859.25,13770.25,13737.25,0.009046116733547483,2049.5312499999754,3728.112499999947,1259524,1259839,-48.238311434739444
2021-04-23,13773.75,13963.5,13762.5,13951.25,13783.0,13762.5,0.009564187496162946,3963.8562499999753,4934.9499999999525,1262254,1262569,-50.42907523335998
2021-04-26,13878.5,13996.5,13871.0,13993.5,13902.0,13871.0,0.009364540118409505,2660.2374999999756,5494.437499999945,1263619,1263934,-0.7022053616838093
2021-04-30,13852.25,13956.75,13819.75,13838.25,13871.25,13848.0,0.008234895022633712,2361.2999999999756,7078.049999999947,1269079,1269394,59.981101002901596
2021-05-07,13631.0,13818.0,13617.25,13681.5,13648.0,13617.25,0.010061633821146082,4855.606249999976,17563.29374999996,1275903,1276218,-29.309978466329994
2021-05-13,13049.0,13223.75,12997.25,13040.25,13089.5,13044.0,0.010839797038698806,7652.268749999975,12541.299999999961,1281363,1281678,121.49613148356002
2021-06-08,13855.75,13917.25,13741.75,13800.5,13896.75,13853.0,0.011829855272163566,6421.518749999971,1672.981249999938,1305702,1306017,30.238420896791467
2021-06-14,14036.5,14072.25,13965.25,14066.75,14042.25,14026.5,0.008269626945969106,4743.643749999971,881.6124999999403,1311153,1311468,52.74402636278592
2021-06-15,14133.75,14145.5,14022.0,14039.75,14145.5,14132.5,0.00820903363174015,5402.831249999971,828.2312499999401,1312518,1312833,11.78049684868256
2021-06-21,14081.25,14144.0,13958.5,14133.75,14084.5,14057.25,0.005429269467726172,11015.29999999997,1851.8124999999513,1317977,1318292,-26.243776674482433
2021-06-22,14170.5,14233.0,14107.5,14221.25,14179.0,14147.75,0.005489428916431244,9794.762499999972,1979.7812499999482,1319342,1319657,62.87992796120761
2021-06-24,14344.5,14422.0,14327.25,14354.25,14358.0,14339.25,0.005523716443151658,837.5187499999709,3647.3124999999427,1322071,1322386,44.041505682565
2021-07-01,14526.25,14570.0,14471.0,14514.25,14555.75,14525.25,0.005359331770077101,1608.0499999999709,513.9874999999305,1328941,1329256,7.147128997075924
2021-08-11,15012.75,15119.0,14963.0,15002.0,15025.25,15008.0,0.009731011093407693,1761.9187499999694,2255.7312499999525,1368717,1369032,68.68949236387652
2021-08-26,15349.25,15365.0,15255.25,15326.75,15349.5,15337.0,0.005770614801432212,7747.831249999974,1343.9812499999375,1383896,1384211,14.57285190939183
2021-09-02,15647.0,15682.0,15570.75,15579.0,15657.75,15646.75,0.00640392518614654,4191.4812499999725,1625.4687499999418,1390796,1391111,-3.61581561951607
2021-09-03,15626.25,15677.5,15552.25,15656.5,15630.25,15616.75,0.006328606493649285,3921.081249999973,1802.1687499999439,1392176,1392491,67.05706689676845
2021-09-14,15424.0,15524.25,15386.25,15421.5,15431.5,15394.75,0.006599040096292905,1345.8249999999734,3693.706249999959,1401589,1401904,60.08225973281242
2021-09-22,15064.75,15204.0,15014.75,15137.75,15082.25,15060.75,0.008326588642645714,2848.7687499999734,5446.043749999977,1409869,1410184,7.207222231374544
2021-09-23,15248.0,15347.0,15175.25,15345.0,15263.25,15222.0,0.008912861262677667,2733.062499999973,6353.8437499999745,1411249,1411564,17.65210812110854
2021-10-05,14523.0,14746.0,14495.5,14739.25,14541.0,14513.0,0.0123917643916893,6296.106249999973,10664.924999999981,1422289,1422604,-80.43319083708775
2021-10-06,14469.5,14705.0,14456.0,14690.25,14512.25,14456.0,0.012368243053098915,9962.706249999974,15074.074999999972,1423669,1423984,25.739632007481305
2021-10-25,15376.5,15507.0,15322.25,15490.25,15394.25,15374.25,0.012894729615706762,2772.8874999999744,3632.356249999955,1441608,1441923,-3.38957143791049
2021-10-26,15590.75,15701.0,15503.0,15559.25,15595.75,15576.75,0.01085006886977974,2715.6124999999747,3533.9562499999565,1442988,1443303,88.43537904669574
2021-11-01,15887.5,15888.0,15768.5,15825.5,15888.0,15850.5,0.009044947205643993,6051.8124999999745,2000.5749999999466,1448567,1448882,12.796738874690163
2021-11-08,16356.5,16394.0,16302.5,16367.5,16374.5,16344.75,0.006751757823948542,2730.3624999999747,565.1562499999407,1455466,1455781,35.516712593230295
2021-11-12,16067.0,16200.0,16001.75,16173.25,16089.5,16060.0,0.007911993644957628,2185.549999999974,8210.20624999997,1460986,1461301,-2.1026786975598952
2021-11-16,16196.5,16323.75,16142.0,16309.0,16214.75,16142.0,0.007743637051609089,3454.9687499999736,7634.29374999997,1463746,1464061,1.1880615927329927
2021-11-22,16639.5,16767.5,16455.25,16570.75,16662.0,16633.75,0.007222758083814297,531.9812499999737,3828.4874999999533,1469266,1469581,117.80278664646903
2021-11-29,16194.5,16419.0,16194.5,16402.25,16258.0,16194.5,0.011341424075814866,5922.331249999974,12149.956249999972,1475701,1476016,-8.684877754109039
2021-12-02,15837.0,16061.25,15762.75,15996.75,15863.5,15790.75,0.011321719864079495,5180.137499999974,12721.987499999981,1479841,1480156,25.9783005603158
2021-12-07,16134.25,16344.25,16097.5,16297.0,16154.0,16097.5,0.014878842857607105,5735.456249999975,32258.387499999997,1483981,1484296,24.752879808187572
2021-12-17,15699.0,15956.5,15651.75,15864.5,15741.0,15688.5,0.014949202293187979,12308.981249999973,38257.518750000025,1495016,1495331,29.39057742433397
2021-12-21,15787.25,15974.5,15605.0,15973.25,15806.75,15758.5,0.015894716176758975,8657.606249999973,47224.3875,1497776,1498091,10.693453416997727
2021-12-22,15932.5,16140.75,15909.0,16115.0,15965.75,15909.0,0.015993977339027774,9404.906249999973,54444.35624999999,1499156,1499471,68.83596283820043
2021-12-27,16374.25,16557.0,16344.5,16541.25,16385.0,16344.75,0.015636064406159396,1530.5624999999723,4518.043749999945,1501914,1502229,15.418007757016312
2022-01-06,15707.5,15895.75,15598.5,15818.25,15732.0,15677.5,0.012126593365778258,5053.893749999972,19578.581249999992,1512952,1513267,17.421864119553902
2022-01-11,15650.25,15837.5,15475.0,15810.75,15668.0,15543.75,0.013509996812520757,4641.418749999972,7009.468749999998,1517092,1517407,-19.670508412524214
2022-01-14,15363.25,15600.5,15322.25,15497.5,15400.5,15322.25,0.013053086182854941,4164.143749999972,12391.199999999983,1521232,1521547,-37.830643309767765
2022-01-25,14152.25,14400.25,14014.0,14390.25,14231.0,14143.75,0.014197169580470272,7463.887499999971,27320.5125,1530652,1530967,-15.256188131412273
2022-01-26,14483.5,14639.75,14191.5,14263.25,14487.25,14420.0,0.014103116553978987,5361.518749999971,27835.800000000007,1532032,1532347,206.5356393625243
2022-01-28,13880.0,14312.0,13860.25,14212.25,14071.5,13879.5,0.014999619233317142,21094.324999999968,34348.45625,1534792,1535107,-38.355099345477356
2022-03-01,14177.25,14273.0,13964.25,14000.75,14210.0,14158.5,0.01883570386786198,88426.07499999997,29018.018749999967,1564911,1565226,76.84809639545165
2022-03-11,13769.75,13774.5,13403.25,13423.75,13774.5,13707.75,0.017171827674722903,21618.49999999997,16109.956249999985,1575951,1576266,-90.0575971996459
2022-03-14,13263.75,13392.5,13025.0,13081.75,13322.25,13248.75,0.01790777760201058,21651.29374999997,11951.112499999976,1577331,1577646,-7.834913962267819
2022-03-15,13097.75,13404.75,13087.5,13377.0,13184.5,13094.5,0.017853095125019005,12294.89374999997,19135.799999999963,1578711,1579026,-58.59464890528034
2022-03-16,13690.0,13866.5,13463.0,13735.0,13698.25,13613.75,0.019098339285796944,12433.043749999972,17218.331249999974,1580091,1580406,159.28715705541072
2022-03-17,13878.0,14092.0,13819.0,14060.0,13894.25,13832.5,0.01928266671730469,12421.043749999972,20974.606249999968,1581471,1581786,25.517757101650204
2022-03-18,14012.0,14338.25,13978.25,14335.75,14057.25,13978.25,0.019666785777920668,7140.406249999972,12140.093749999938,1582851,1583166,-58.072630194767044
2022-03-25,14828.0,14828.25,14572.5,14738.5,14828.25,14759.0,0.0178002425160704,12736.418749999972,9267.737499999945,1589751,1590066,99.48048493394617
2022-04-14,14218.75,14246.75,13960.25,14027.75,14240.25,14190.5,0.015317900844431015,13969.824999999975,11169.981249999964,1609010,1609325,-65.68672490506651
2022-04-20,14198.75,14298.0,13979.5,14079.5,14298.0,14190.0,0.013578358343943893,10100.331249999974,7843.206249999954,1613150,1613465,45.02556406808435
2022-04-25,13203.0,13466.75,13203.0,13351.5,13272.75,13203.0,0.014737423666110881,12407.706249999974,21067.731249999968,1617290,1617605,40.58306733272457
2022-04-27,13017.75,13255.25,12930.25,13169.5,13083.25,13014.75,0.013247530478190675,12827.531249999975,28424.40624999999,1620050,1620365,52.40217766790647
2022-05-02,12870.0,13046.5,12738.75,12784.0,12870.5,12766.0,0.014142691672885191,12764.418749999975,25616.35624999997,1621790,1622105,187.19518083783714
2022-05-12,11877.0,12132.75,11693.25,11741.25,11880.0,11755.5,0.018625359181312365,8760.949999999975,27590.918749999986,1632830,1633145,-53.52963959980298
2022-05-26,12013.75,12343.0,11899.0,12319.0,12016.5,11958.75,0.027337551752844767,16466.293749999975,39719.043749999975,1646629,1646944,-50.73713886914629
2022-06-21,11493.5,11678.25,11442.0,11602.75,11496.5,11442.0,0.023976815589219783,2680.1562499999736,8141.67499999992,1670988,1671303,14.385818032411407
2022-06-27,12203.75,12221.0,12021.0,12039.0,12221.0,12170.75,0.02234154998395407,16678.206249999974,4534.968749999916,1676508,1676823,25.417367264606582
2022-06-30,11515.0,11685.0,11351.0,11644.5,11522.5,11476.0,0.021794661043445625,7510.206249999975,17923.21874999995,1680648,1680963,32.92240534044231
2022-07-01,11494.25,11617.25,11401.0,11522.5,11498.5,11429.5,0.021464569889817382,3617.7687499999747,15044.918749999953,1682028,1682343,82.19265767488378
2022-07-08,12088.25,12211.0,11952.5,12125.25,12105.75,12076.25,0.019251519415350832,5580.637499999974,3979.737499999904,1688688,1689003,107.80438604404571
2022-07-15,11833.5,11999.75,11740.25,11980.5,11840.0,11777.25,0.013790596840808758,4097.174999999975,11159.699999999948,1695588,1695903,-35.14225092082961
2022-07-19,12010.5,12256.5,11981.25,12253.75,12019.0,11981.25,0.014139209604764901,6792.331249999974,13004.581249999943,1698348,1698663,-57.0090759944942
2022-07-26,12296.25,12315.0,12106.0,12119.25,12314.0,12285.5,0.012778931409293384,9731.543749999975,6648.593749999939,1705248,1705563,-27.019668857905344
2022-08-05,13313.0,13351.25,13085.0,13192.25,13351.25,13310.25,0.014399762017894297,12160.906249999975,6052.53124999992,1716287,1716602,29.03177915203014
2022-08-16,13673.0,13702.25,13522.75,13698.25,13681.75,13659.5,0.013668114856102935,10786.481249999975,3624.8437499998963,1725946,1726261,100.6020510547105
2022-09-02,12251.25,12461.5,12085.0,12086.5,12297.0,12251.0,0.014376121928527429,6924.768749999974,16897.26874999996,1743885,1744200,18.209747923778195
2022-09-07,12042.25,12216.75,11977.25,12210.75,12044.75,11977.25,0.013400700378955879,6475.112499999974,7969.45624999994,1747785,1748100,16.172203412063027
2022-09-09,12450.5,12605.5,12406.25,12587.5,12451.75,12427.5,0.014895765510303577,3213.031249999973,8263.206249999928,1750545,1750860,17.976474587053417
2022-09-19,11812.0,11978.5,11804.75,11918.0,11838.25,11804.75,0.015911435247262632,3980.4812499999725,67326.94999999998,1758825,1759140,13.528728429827424
2022-10-03,11042.25,11281.75,11032.5,11263.75,11087.0,11032.5,0.018699784606735298,15081.768749999974,19630.043749999953,1772625,1772940,29.22088559094209
2022-10-14,11101.5,11253.5,10783.25,10850.5,11102.25,11026.75,0.019650195503001663,7555.987499999968,12584.168749999993,1785044,1785359,233.34992086184502
2022-10-17,10894.0,11138.0,10875.5,11128.0,10912.5,10875.5,0.020553922050759267,8981.843749999973,22853.668749999975,1786424,1786739,-48.6954233106826
2022-10-21,11017.5,11292.0,10935.5,11291.5,11028.0,10938.5,0.018671470723393566,4538.737499999977,6388.987499999928,1791944,1792259,29.502056827962406
2022-11-01,11604.0,11619.0,11315.75,11369.5,11614.5,11583.0,0.017952478697301925,27494.918749999975,6619.893749999951,1801664,1801979,-93.48139807950247
2022-11-18,11834.25,11843.0,11607.0,11667.5,11843.0,11811.75,0.021224952422541042,7039.106249999952,4229.424999999953,1819604,1819919,-7.798160268694119
2022-12-05,11964.25,11972.25,11745.5,11768.5,11969.25,11918.75,0.01969353875226753,22509.96874999995,6603.456249999963,1834315,1834630,-49.95094573969436
2022-12-06,11824.25,11833.0,11502.0,11533.75,11833.0,11796.5,0.02038630279346994,22448.731249999946,10685.731249999972,1835695,1836010,-43.62291304648352
2022-12-08,11564.25,11685.75,11477.25,11626.25,11598.0,11554.0,0.014813155916222209,4031.9562499999374,16062.206249999965,1838455,1838770,28.818408767263463
2022-12-16,11401.25,11491.5,11275.5,11330.0,11431.25,11363.5,0.015948125562522373,6704.39374999995,8222.862499999963,1846733,1847048,121.09924849045728
2022-12-19,11367.75,11373.5,11151.0,11163.0,11373.5,11347.0,0.016190298702832777,8424.593749999949,3636.7687499999734,1848113,1848428,-30.708197490443126
2022-12-20,11131.25,11247.0,11066.75,11176.75,11160.75,11117.25,0.01598932090355771,3013.812499999944,7380.09374999996,1849493,1849808,26.457731463739037
2022-12-21,11235.0,11389.75,11181.0,11340.25,11248.0,11213.75,0.016012973190369997,3739.174999999945,9981.91874999995,1850873,1851188,-73.17948459457511
2022-12-29,10843.75,11071.5,10843.0,11030.0,10904.25,10843.0,0.01617125768839905,8883.831249999945,22679.343749999964,1857771,1858086,-81.90396583283837
2023-01-13,11408.75,11578.75,11389.0,11566.0,11427.5,11389.0,0.015466262573593278,759.6874999999673,1987.6874999999136,1871567,1871882,29.16030307429446
2023-01-20,11431.5,11631.75,11383.5,11626.25,11443.25,11407.0,0.01355526662668976,3837.2937499999525,4776.893749999925,1878226,1878541,-52.69663094351563
2023-01-25,11751.25,11875.0,11604.5,11859.25,11752.0,11701.0,0.011420377650222578,7847.0749999999625,2005.6437499999258,1882365,1882680,126.64488539484955
2023-01-30,12095.0,12143.25,11982.5,12000.25,12095.0,12064.5,0.012085442747851439,4368.668749999955,2008.3937499999306,1886505,1886820,17.48399127471839
2023-02-01,12139.25,12386.25,12055.25,12339.5,12152.0,12129.75,0.012491528519280865,6990.668749999964,1847.0749999999227,1889265,1889580,17.94028919096945
2023-02-07,12532.25,12778.5,12459.25,12697.5,12535.75,12499.0,0.013326078471953324,9015.356249999972,4728.293749999932,1894784,1895099,13.454251711114921
2023-02-08,12726.5,12752.0,12517.25,12566.75,12736.5,12699.5,0.013625678503457772,14143.081249999967,7759.34374999994,1896164,1896479,14.262347394991593
2023-02-09,12679.5,12728.5,12453.25,12467.75,12726.25,12679.0,0.013850681195862398,7628.28124999996,5944.343749999955,1897544,1897859,16.689021981243968
2023-03-15,12166.75,12389.5,12105.5,12376.5,12224.75,12105.5,0.013282246388172986,3041.3874999999666,4712.687499999949,1930420,1930735,-29.28477667495281
2023-03-27,12952.75,12965.25,12765.5,12806.5,12956.25,12928.25,0.012497550161173319,9421.168749999959,4682.512499999926,1941400,1941715,-59.76268951941529
2023-03-28,12783.25,12796.5,12634.25,12639.75,12796.5,12780.75,0.012998801539903763,11894.018749999957,5431.424999999932,1942780,1943095,-36.029816964799465
2023-04-14,13148.75,13255.0,13058.0,13107.75,13167.0,13134.5,0.009350013974879301,6737.012499999959,1501.299999999929,1960251,1960566,7.43408014578381
2023-04-17,13178.75,13206.0,13076.75,13096.5,13194.0,13167.5,0.009363488155576962,6936.887499999959,819.799999999927,1961631,1961946,22.296106663905448
2023-04-18,13270.75,13298.75,13151.5,13175.5,13293.75,13270.75,0.0089758882549756,6926.718749999958,1155.574999999929,1963010,1963325,-39.71458557291953
2023-05-12,13467.75,13487.25,13315.75,13320.25,13474.5,13455.0,0.008635825901273124,4147.043749999954,3050.7062499999215,1987846,1988161,-33.08311880241854
2023-05-23,13892.0,13892.0,13765.5,13774.25,13892.0,13849.0,0.008300664865874021,6417.168749999959,2359.17499999992,1997506,1997821,12.428299111839806
2023-05-24,13672.25,13683.0,13566.5,13635.0,13683.0,13662.0,0.008829481486411744,5996.668749999955,2505.374999999925,1998886,1999201,13.220077992394181
2023-05-30,14496.0,14570.0,14344.25,14351.5,14570.0,14495.5,0.009959675377650882,14088.293749999959,2657.0749999999266,2004166,2004481,13.291743231105102
2023-06-08,14330.0,14523.5,14288.0,14447.0,14335.5,14288.0,0.010053749816547563,3736.387499999961,8322.15624999993,2013824,2014139,14.00457733003168
2023-06-16,15414.75,15475.5,15324.25,15374.25,15435.25,15400.0,0.010998456649343062,6625.487499999963,636.4187499999227,2022098,2022413,37.850282334849
2023-06-20,15216.5,15310.75,15126.5,15236.75,15250.25,15208.0,0.011028722124772607,9293.012499999959,1044.1437499999229,2024617,2024932,80.18079764235699
2023-06-21,15232.5,15236.75,15002.25,15092.25,15236.75,15194.0,0.010983673477631148,11336.312499999958,6868.268749999934,2025996,2026311,-95.32724372201119
2023-06-29,15192.25,15202.75,15028.5,15062.0,15196.0,15170.75,0.009849771369117058,6770.262499999959,4166.88749999994,2034276,2034591,19.695062275300188
2023-07-06,15303.0,15305.0,15111.5,15238.0,15305.0,15244.0,0.010170258915946919,8275.374999999956,6150.17499999992,2040706,2041021,50.28946184553388
2023-08-04,15458.5,15610.25,15392.75,15525.0,15473.0,15432.0,0.009804933743046416,3476.9687499999554,10491.418749999943,2069683,2069998,50.19672338986584
2023-08-10,15267.25,15442.25,15136.0,15144.25,15308.0,15255.75,0.008464509145188863,4617.606249999957,3732.981249999955,2075203,2075518,6.945111853903654
2023-08-11,15187.0,15193.0,15037.25,15084.75,15193.0,15165.75,0.008325402485360922,4398.981249999953,2468.7812499999623,2076583,2076898,11.42843760937103
2023-08-16,15098.5,15144.0,14987.25,15048.75,15118.75,15082.25,0.008260589892050809,4141.562499999956,569.574999999949,2080723,2081038,42.364161452261214
2023-08-17,14970.5,15018.25,14856.75,14878.25,14994.5,14966.25,0.007903302254549171,1287.9812499999534,510.0749999999474,2082103,2082418,11.756721276732605
2023-08-25,14866.75,15048.75,14751.75,14881.0,14904.0,14856.5,0.009785232554120107,11920.89374999996,28084.674999999963,2090383,2090698,116.29102973519457
2023-08-29,15074.5,15400.75,15049.75,15372.0,15089.0,15052.75,0.011726528855788544,16585.393749999967,31740.62499999995,2093140,2093455,-54.12304515784672
2023-09-08,15236.0,15390.75,15223.0,15327.0,15267.0,15223.0,0.01073156550154463,4467.981249999955,6115.8249999999325,2103938,2104253,17.238766023671815
2023-09-25,14851.5,14936.25,14782.25,14902.75,14854.75,14799.0,0.010380829357046616,1923.3874999999532,3829.3624999999383,2119114,2119429,34.233896681534134
2023-10-03,14915.25,14974.75,14689.75,14696.75,14924.75,14874.5,0.010018119376249576,6659.612499999965,5479.99999999996,2127394,2127709,-46.64609612614913
2023-10-04,14725.0,14899.0,14719.5,14820.25,14790.25,14719.5,0.01003944127562148,4481.612499999969,7052.862499999944,2128774,2129089,34.912223070218715
2023-10-06,14890.75,15098.5,14660.0,15096.0,14899.25,14870.0,0.010746304002180894,5139.981249999965,10186.793749999968,2131534,2131849,-54.81102259566251
2023-10-09,14987.25,15192.0,14949.5,15191.5,15019.75,14978.0,0.010626871450677837,6450.918749999969,11907.793749999964,2132914,2133229,-43.96714379502373
2023-10-10,15181.5,15383.5,15171.75,15291.25,15207.5,15171.75,0.010683898359660354,4933.293749999976,11972.518749999945,2134294,2134609,33.70937896410396
2023-10-16,15131.75,15325.75,15124.25,15309.0,15156.75,15124.25,0.01044330397992137,6072.9249999999665,8027.268749999943,2139814,2140129,27.9695278403442
2023-12-01,15942.0,16050.0,15864.0,16031.0,15947.75,15920.25,0.007932094560113716,1351.137499999961,6645.893749999945,2186328,2186643,4.614307640926199
2023-12-05,15811.0,15961.0,15769.0,15898.75,15817.25,15769.0,0.008358531624503528,3924.5124999999603,7076.049999999966,2189088,2189403,-52.27156105554786
2023-12-18,16844.25,16974.0,16830.75,16961.0,16856.25,16830.75,0.007621917682021135,3777.4562499999693,6188.231249999941,2201508,2201823,1.0501152459146397
2024-01-16,16884.25,17033.75,16855.0,16927.0,16930.25,16879.0,0.008650662545222574,4482.206249999966,12853.793749999933,2227487,2227802,93.68472595034291
2024-01-22,17559.75,17585.0,17434.0,17469.5,17559.75,17513.25,0.009867597773495166,7037.343749999965,3412.512499999944,2233007,2233322,14.293509433782674
2024-02-05,17705.5,17745.5,17554.25,17735.25,17725.0,17690.5,0.008087468005257654,3783.5749999999625,1271.8249999999575,2246806,2247121,-51.048992898522556
2024-02-06,17731.0,17767.75,17560.75,17635.5,17752.5,17726.75,0.008302763567897635,3268.6374999999634,1680.543749999963,2248186,2248501,-54.89906550721571
2024-02-09,17912.0,18071.0,17875.0,18055.25,17972.0,17902.5,0.008595769608620546,3133.6749999999647,5956.887499999931,2252325,2252640,-14.500448939965281
2024-02-22,17890.25,18087.0,17864.0,18050.5,17903.75,17869.0,0.012715646512586047,6032.581249999959,13853.49999999996,2264498,2264813,-46.18301450966828
2024-03-12,18292.5,18464.5,18174.0,18454.5,18381.0,18204.0,0.014375329721152583,3202.2812499999727,8784.62499999995,2282438,2282753,13.663234372988882
2024-03-19,18084.25,18289.25,18053.25,18266.0,18151.75,18079.0,0.014232559526335294,7312.081249999963,9309.406249999964,2289338,2289653,-58.31856585168498
2024-03-20,18307.5,18454.5,18244.75,18419.25,18318.25,18282.5,0.014039969093255465,7186.512499999966,10276.237499999956,2290718,2291033,23.331022583761296
2024-04-03,18297.25,18451.75,18232.5,18416.25,18320.75,18260.5,0.009557888059323621,3013.3937499999643,4494.549999999956,2303078,2303393,-35.91750951949143
2024-04-04,18452.0,18568.0,18442.25,18498.0,18458.25,18442.25,0.009398336175877176,3459.4562499999656,6605.049999999945,2304458,2304773,10.464840358590664
2024-04-05,18139.0,18408.25,18051.5,18291.75,18166.5,18136.25,0.0090832713137107,9636.85624999997,6099.362499999947,2305838,2306153,170.2183995889245
2024-04-09,18324.0,18405.0,18160.75,18255.0,18368.75,18316.5,0.008598034132514362,6388.268749999971,3082.2624999999375,2308598,2308913,-26.6252604439469
2024-04-22,17277.75,17414.75,17148.5,17397.25,17298.0,17246.25,0.008187057612513324,1584.206249999964,10966.387499999986,2320991,2321306,-0.4559600878965284
2024-04-23,17402.0,17640.75,17360.0,17636.75,17410.5,17360.0,0.00902559688686271,7100.018749999967,12019.018749999985,2322371,2322686,-126.59391248127577
2024-05-24,18747.5,18919.0,18723.5,18903.5,18762.0,18726.0,0.008443065781724332,4101.049999999959,9956.29374999994,2354102,2354417,-64.64836062648101
2024-05-27,18876.5,18956.0,18868.0,18950.75,18883.25,18873.5,0.008442260590204257,3719.074999999958,11177.424999999937,2355482,2355751,-9.403901616984513
2024-05-30,18750.75,18787.0,18623.75,18702.75,18761.25,18738.5,0.007343086909128683,3378.04374999996,2276.2374999999233,2359382,2359697,10.501254352930118
2024-05-31,18537.5,18668.25,18241.25,18341.25,18582.25,18535.75,0.0075710686584040164,1798.9812499999587,12519.64374999995,2360762,2361077,151.65344465793532
2024-06-04,18574.25,18664.0,18562.25,18629.5,18600.5,18562.25,0.007804209032495701,1133.674999999961,14636.018749999967,2363522,2363837,23.96511639149321
2024-06-05,18787.5,19028.25,18778.0,19024.25,18816.25,18787.0,0.008946812752117403,5935.5499999999665,16685.749999999964,2364902,2365217,-95.39053802513081
2024-06-13,19616.5,19691.0,19500.0,19568.0,19644.0,19605.75,0.008907536833775482,6358.831249999968,2123.29999999993,2373180,2373495,50.75669562953044
2024-06-25,19831.25,19968.0,19792.25,19924.25,19842.0,19805.0,0.009934299465834587,2968.706249999959,18754.67499999996,2383979,2384294,44.85341144673657
2024-07-09,20732.0,20771.75,20615.75,20660.5,20732.75,20710.0,0.007410132852733202,7727.2937499999625,1211.15624999991,2397309,2397624,10.428755432876642
2024-07-12,20429.5,20741.0,20335.0,20710.25,20445.5,20406.0,0.009523849519021034,12165.76249999997,38154.20624999997,2401449,2401764,-106.86836242018035
2024-07-18,20065.25,20162.5,19773.0,19873.25,20114.0,20061.5,0.010475494800293403,11988.856249999972,9385.468749999975,2406969,2407284,35.11685782752829
2024-08-05,17723.5,18289.0,17362.5,18077.5,17756.75,17413.5,0.015922325528525783,50202.11249999998,64280.41875000007,2423527,2423842,-102.09207431525647
2024-08-29,19436.5,19693.5,19431.25,19633.75,19491.75,19431.25,0.01587642952027675,10988.437499999998,18061.18749999998,2448364,2448679,40.39921192388283
2024-09-04,18871.0,19114.75,18838.25,19005.25,18892.0,18857.25,0.014141071466468792,10484.043749999997,27069.387499999946,2453643,2453958,-4.007165852635808
2024-09-05,18956.75,19150.5,18827.25,19012.0,18967.0,18827.25,0.013395807442080996,7629.887499999997,23133.76874999996,2455023,2455338,37.52073029159146
2024-09-06,18758.75,18972.25,18430.25,18477.5,18815.25,18754.5,0.014920082478771152,8457.081249999997,30251.018749999974,2456403,2456718,295.62775234912806
2024-09-11,18806.75,19070.25,18547.0,19040.25,18858.5,18805.75,0.014518303566244723,4265.249999999998,10034.51874999998,2460543,2460858,-21.34573925762379
2024-10-03,19946.25,20113.75,19879.0,19962.75,19982.75,19940.25,0.011796980618637092,3655.8312499999975,30181.67499999996,2482603,2482918,93.17651495344398
2024-10-04,20075.0,20263.75,20013.25,20115.5,20085.5,20051.5,0.009311741662903167,5159.731249999997,31786.249999999956,2483983,2484298,-22.14506511973741
2024-10-10,20420.75,20508.25,20301.5,20445.75,20452.75,20419.5,0.007858936148234035,2782.1562499999973,1844.9812499999084,2489503,2489818,11.8666461739449
2024-10-21,20350.25,20554.5,20343.75,20491.75,20394.25,20343.75,0.005494812178056799,5473.268749999997,11647.043749999944,2499162,2499477,6.75667044158763
2024-10-25,20423.5,20707.25,20423.25,20510.5,20474.0,20423.25,0.00806271422887531,12503.187499999996,20444.106249999935,2504681,2504996,-46.85295491448778
2024-10-29,20493.25,20714.5,20432.25,20695.25,20513.0,20483.5,0.007726005882477012,14399.237499999996,17465.956249999945,2507501,2507816,-43.391053923947766
2024-11-05,20154.0,20372.75,20107.5,20294.5,20164.25,20107.5,0.01015702924468057,9710.39375,20658.799999999963,2514401,2514716,35.57614088693299
2024-11-19,20567.0,20792.5,20382.5,20739.75,20569.25,20382.5,0.013952910290391972,10738.25,24890.793749999964,2528201,2528516,62.402521492917
2024-11-29,20839.75,21017.5,20805.5,20991.25,20874.0,20812.25,0.01110628763464832,4592.174999999999,14278.862499999921,2539001,2539225,3.588254610705917
2024-12-02,21023.25,21259.75,21004.0,21219.5,21046.5,21004.0,0.011242033201715925,8933.0,13719.499999999904,2540156,2540471,-75.6358049245755
2024-12-13,21837.25,21908.0,21666.5,21801.5,21841.75,21775.5,0.0069373417029190065,17753.01875,4847.799999999928,2552574,2552889,40.080305528530516
2024-12-27,21919.5,21920.75,21498.75,21705.75,21920.75,21844.0,0.0109513343500966,76851.18750000003,30469.387499999943,2564766,2565081,-108.31198420299552
2025-01-03,21259.0,21559.25,21227.0,21534.5,21303.0,21227.0,0.012270397184988166,14490.26875000001,27617.206250000007,2570285,2570600,-89.22466006066679
2025-02-05,21527.5,21742.5,21501.0,21709.5,21556.5,21508.75,0.01278577964907343,4741.343750000028,7439.793749999928,2601335,2601650,7.950294492664398
2025-02-13,21834.5,22075.5,21787.25,22057.0,21900.75,21787.25,0.011417283975181585,6046.831250000019,20932.043749999935,2609614,2609929,56.52311590632962
2025-02-28,20581.5,20778.0,20460.5,20710.5,20664.25,20566.25,0.008466496831106065,5941.137500000004,28204.456250000017,2624553,2624868,21.230160991997764
2025-03-04,20272.75,20632.25,20075.25,20618.75,20398.5,20270.0,0.008133371777974937,18601.825000000023,34068.33125000001,2627313,2627628,23.068497254291287
2025-03-05,20426.25,20711.5,20215.0,20651.0,20469.25,20379.5,0.008079572675559513,20694.43750000003,36027.731250000004,2628693,2629008,22.91590808460569
2025-03-06,20317.5,20513.25,20003.0,20050.75,20385.0,20303.5,0.010006137470069437,13683.981250000035,18707.643749999985,2630073,2630388,28.380179961703107
2025-03-14,19522.75,19707.75,19436.75,19674.25,19533.5,19457.25,0.01426445256441169,4400.543750000019,31179.625000000007,2638353,2638668,-7.134871897647827
2025-03-20,19833.75,20105.0,19756.0,19819.5,19861.5,19780.25,0.015301383993197587,12654.606250000032,17058.262499999928,2643873,2644188,209.80540090715476
2025-04-01,19360.25,19644.0,19261.25,19505.5,19389.5,19311.25,0.017990585775128447,11372.237500000014,32944.35625,2654853,2655168,105.9271342320917
2025-04-08,17823.5,18357.25,17488.25,17671.25,18062.25,17810.0,0.020426584106764754,170772.8625000001,15525.606250000019,2661750,2662065,158.39297680173695
2025-04-10,18906.25,18987.0,17919.0,18460.25,18958.25,18805.25,0.026132064341149175,491850.5750000002,96599.41875000008,2664510,2664825,-250.31493734475225
2025-05-02,19933.0,20266.0,19901.5,20226.0,19945.0,19901.5,0.027614243915683442,14193.843750000238,25210.54374999996,2685210,2685525,27.952134798226325
2025-05-08,20221.5,20337.25,19979.0,20250.75,20229.25,20185.0,0.020663271867701637,14217.081250000241,9892.656249999927,2690730,2691045,189.56518411120487
2025-05-12,20932.5,20965.25,20690.0,20908.75,20965.25,20883.0,0.02089417738754126,4873.950000000234,3801.8562499999603,2693490,2693805,149.99399878298573
2025-05-16,21479.25,21504.75,21320.25,21445.0,21501.0,21462.5,0.01881426995555092,31673.98750000024,8472.249999999915,2699010,2699325,107.97596596791664
2025-05-20,21478.25,21483.25,21354.75,21431.5,21483.25,21446.75,0.014633256269322865,24473.14375000024,2648.2312499999043,2701770,2702085,19.914226292643434
2025-05-21,21337.5,21558.5,21159.5,21271.25,21355.75,21297.5,0.013231645552376846,23004.675000000243,4103.731249999913,2703150,2703465,-46.00242942546174
2025-05-27,21295.75,21480.25,21192.75,21476.75,21310.5,21264.5,0.013257497826952003,7532.1250000002365,14108.012499999943,2708430,2708745,-10.511807022474386
2025-06-02,21269.75,21474.25,21234.75,21445.5,21291.5,21239.75,0.01236307735158867,7737.843750000234,25370.481249999953,2713950,2714265,50.78658651592559
2025-06-03,21513.25,21759.75,21503.0,21717.75,21543.5,21503.75,0.011771583424678109,11087.393750000236,30787.08124999994,2715330,2715645,-53.8187384731209
2025-06-05,21750.25,21935.0,21659.5,21729.0,21782.0,21746.25,0.011098066482821634,9192.59375000024,15506.187499999915,2718090,2718405,137.00420915583345
2025-06-10,21825.0,21931.0,21742.75,21873.0,21865.25,21822.25,0.006776094282527111,3444.918750000239,1230.0499999998874,2722230,2722545,66.28116585693351
2025-06-17,22058.0,22135.0,21940.75,21962.25,22094.25,22045.5,0.00696900451428763,3741.9875000002457,2020.5437499998775,2729129,2729444,10.743632165960662
2025-06-19,21809.25,21825.5,21650.25,21703.0,21825.5,21790.0,0.007616396101155948,8098.356250000239,4214.9187499998925,2731889,2732158,-60.62447754931418
2025-06-20,21908.0,22130.5,21765.0,21839.5,22006.0,21901.5,0.007120218522555363,8690.20625000024,4345.731249999904,2733029,2733344,16.317451483035256
2025-06-30,22899.0,22905.75,22786.25,22821.0,22905.75,22881.0,0.006757357828571692,2020.5187500002326,752.293749999895,2741309,2741624,14.537907826193987
2025-07-02,22696.0,22848.25,22582.0,22825.25,22701.75,22622.0,0.006522474386970948,3660.7687500002307,4618.074999999921,2744069,2744384,-0.737981155867601
2025-07-07,22975.75,23001.75,22833.5,22871.0,23001.75,22961.75,0.007022590989356003,10431.531250000233,8385.68749999991,2747743,2748058,19.13537149840522
2025-07-10,23056.0,23090.0,22901.25,23037.0,23077.0,23046.0,0.006999122697150285,4696.01875000023,3772.206249999901,2751881,2752196,-36.221266802967875
2025-08-04,23058.25,23285.25,23036.75,23268.0,23076.0,23036.75,0.008375062088075964,6378.762500000233,26507.262499999946,2775340,2775655,-72.6046435902681
2025-08-06,23177.0,23396.5,23140.25,23373.0,23196.75,23140.25,0.008443126194732078,9695.125000000236,28877.187499999956,2778100,2778415,-30.833365649639745
2025-09-05,23796.25,23902.0,23505.0,23613.5,23796.25,23768.25,0.007944145799218356,1148.3250000002347,11938.843749999924,2808218,2808533,19.41808646879872
2025-09-08,23777.75,23888.0,23743.5,23782.25,23782.25,23743.5,0.008110458392783055,752.7375000002363,11331.918749999924,2809598,2809913,19.824608756318412
2025-09-11,23943.0,24046.0,23838.0,24032.25,23956.75,23930.0,0.007975286893632692,1053.8312500002362,10399.512499999912,2813737,2814052,31.60122531520028
2025-09-26,24606.5,24747.5,24520.0,24692.0,24654.75,24600.25,0.006598239099590317,8255.393750000236,11390.999999999935,2828914,2829229,10.522095022572103
2025-09-29,24859.0,24975.5,24800.25,24844.75,24890.75,24853.75,0.006644020235158711,3436.2687500002335,8366.549999999941,2830294,2830609,82.0183091415347
2025-10-02,25134.25,25180.0,24993.75,25085.5,25164.25,25130.25,0.005520778570941713,4417.281250000239,1180.793749999892,2834434,2834749,11.524627940183564
2025-10-08,25060.5,25290.75,25042.5,25273.75,25093.0,25042.5,0.006678485793470156,6478.925000000236,8249.362499999916,2839954,2840269,-87.35193033815813
2025-10-13,24763.25,24959.0,24724.5,24926.5,24829.75,24736.0,0.008717201707580441,8348.512500000239,78284.54374999998,2844094,2844409,52.226862504918245
2025-10-14,24617.5,24947.5,24421.0,24899.5,24665.0,24606.25,0.008476148964392608,16292.918750000244,78321.16874999998,2845474,2845789,-155.33422326396976
2025-10-17,24704.75,24973.25,24669.5,24936.5,24802.75,24669.5,0.00806445468821047,8040.143750000249,20077.456249999952,2849614,2849929,17.34182135701667
2025-10-20,25079.75,25354.5,25061.75,25336.75,25095.75,25061.75,0.008683244961550414,8630.668750000252,21633.18749999995,2850994,2851309,-110.54446674429346
2025-10-23,25017.75,25283.25,24937.0,25278.75,25017.75,24940.0,0.009836613889457505,14749.918750000244,29012.856249999917,2855134,2855449,31.75879700094447
2025-11-21,24196.0,24596.25,23927.25,24458.75,24277.75,24180.5,0.0120892953714525,13763.081250000248,87318.29375000013,2884174,2884489,-160.6955790764223
2025-11-24,24553.25,24961.0,24491.0,24914.0,24574.5,24491.0,0.01235080591162088,16963.481250000255,112626.48750000009,2885554,2885869,-175.26738815992576
2025-12-01,25246.25,25495.75,25209.25,25373.75,25299.5,25235.0,0.012606741297227957,7157.231250000243,18659.199999999975,2891342,2891657,44.809122465934706
2025-12-18,25114.75,25412.5,25107.5,25208.25,25285.0,25107.5,0.00866913777787106,11487.956250000241,49183.28125000006,2909282,2909597,25.23960121691198
2025-12-19,25313.5,25600.25,25292.25,25569.0,25383.25,25292.25,0.009114388491689922,14780.606250000248,48329.70625000002,2910662,2910977,-86.18821642805051
2025-12-23,25674.75,25800.5,25608.25,25797.25,25679.0,25608.25,0.008312772808655678,15424.550000000247,45774.04374999999,2913422,2913737,-7.373999435803853
